City_ID,City,Country,Lat,Lng,Max Temp,Humidity,Cloudiness,Wind Speed,Current Description
0,Mrakovo,RU,52.72,56.62,43.23,77,63,4.76,broken clouds
1,Rikitea,PF,-23.12,-134.97,72.07,82,100,12.44,overcast clouds
2,Namatanai,PG,-3.67,152.43,84.76,69,100,9.08,light rain
3,Broken Hill,AU,-31.95,141.43,62.6,42,0,5.82,clear sky
4,Punta Arenas,CL,-53.15,-70.92,39.2,86,100,6.93,overcast clouds
5,Lebu,CL,-37.62,-73.65,47.12,75,100,3.13,overcast clouds
6,Sol-Iletsk,RU,51.16,54.99,49.8,61,0,6.4,clear sky
7,Khatanga,RU,71.97,102.5,42.48,75,73,8.5,broken clouds
8,Jamestown,US,42.1,-79.24,61.0,63,1,6.93,clear sky
9,Esperance,AU,-33.87,121.9,55.4,87,0,13.87,clear sky
10,Saldanha,ZA,-33.01,17.94,55.4,93,25,4.7,scattered clouds
11,Vaini,TO,-21.2,-175.2,75.2,64,40,16.11,scattered clouds
12,Muros,ES,42.78,-9.06,66.0,84,7,1.01,clear sky
13,Bonthe,SL,7.53,-12.51,76.93,88,100,4.59,overcast clouds
14,Ushuaia,AR,-54.8,-68.3,39.2,80,75,1.12,broken clouds
15,Atambua,ID,-9.11,124.89,83.37,42,0,1.39,clear sky
16,Barrow,US,71.29,-156.79,39.2,86,75,6.93,broken clouds
17,Puerto Ayora,EC,-0.74,-90.35,66.99,89,63,5.99,broken clouds
18,Thompson,CA,55.74,-97.86,53.6,54,20,8.05,few clouds
19,Atuona,PF,-9.8,-139.03,78.6,74,16,21.43,few clouds
20,Norman Wells,CA,65.28,-126.83,53.6,71,75,4.7,broken clouds
21,Kapaa,US,22.08,-159.32,84.2,66,75,9.17,broken clouds
22,Georgetown,MY,5.41,100.34,80.6,100,20,3.36,haze
23,Albany,US,42.6,-73.97,64.0,95,0,5.88,clear sky
24,Port Alfred,ZA,-33.59,26.89,63.28,80,3,22.3,clear sky
25,Pangnirtung,CA,66.15,-65.71,44.46,59,0,4.34,clear sky
26,Kodiak,US,57.79,-152.41,55.4,66,40,6.93,scattered clouds
27,Kaitangata,NZ,-46.28,169.85,57.61,51,3,7.74,clear sky
28,Cabo San Lucas,MX,22.89,-109.91,89.01,62,5,5.82,clear sky
29,Butaritari,KI,3.07,172.79,82.96,74,87,10.71,overcast clouds
30,Iqaluit,CA,63.75,-68.51,42.8,56,40,2.24,scattered clouds
31,Mataura,NZ,-46.19,168.86,58.21,47,42,7.74,scattered clouds
32,Wanlaweyn,SO,2.62,44.89,74.08,75,12,12.39,few clouds
33,Malakal,SS,9.53,31.66,71.74,94,100,2.73,overcast clouds
34,Tigil,RU,57.8,158.67,54.57,52,100,2.44,overcast clouds
35,Brownwood,US,31.71,-98.99,78.8,69,1,6.93,clear sky
36,Green Valley,US,31.85,-110.99,107.6,8,1,6.93,clear sky
37,Saint-Philippe,RE,-21.36,55.77,64.4,88,75,8.05,broken clouds
38,Chadan,RU,51.28,91.58,53.01,73,100,1.97,light rain
39,Mwene-Ditu,CD,-7.0,23.45,70.05,48,91,2.93,overcast clouds
40,Souillac,MU,-20.52,57.52,66.2,82,40,11.41,scattered clouds
41,Wilmington,US,34.23,-77.94,86.0,70,1,4.7,clear sky
42,Ostrovnoy,RU,68.05,39.51,57.6,82,100,18.95,overcast clouds
43,Auki,SB,-8.77,160.7,86.05,65,3,5.32,clear sky
44,Xuddur,SO,4.12,43.89,71.33,64,94,18.32,overcast clouds
45,San Ignacio,BZ,17.16,-89.07,77.0,94,40,4.03,scattered clouds
46,Bengkulu,ID,-3.8,102.27,77.81,86,81,4.07,light rain
47,Qaanaaq,GL,77.48,-69.36,23.22,82,0,6.15,clear sky
48,Palana,RU,59.12,159.97,49.44,66,0,6.89,clear sky
49,Busselton,AU,-33.65,115.33,63.0,86,100,16.42,light rain
50,Carnarvon,AU,-24.87,113.63,66.2,93,0,11.41,clear sky
51,Coquimbo,CL,-29.95,-71.34,53.6,81,90,4.7,overcast clouds
52,Barcelona,ES,41.39,2.16,75.0,78,20,4.7,few clouds
53,Isangel,VU,-19.55,169.27,75.2,60,75,11.41,broken clouds
54,Embu,BR,-23.65,-46.85,64.0,88,90,9.17,overcast clouds
55,Bredasdorp,ZA,-34.53,20.04,53.6,81,88,9.17,overcast clouds
56,Dunedin,NZ,-45.87,170.5,55.99,62,0,15.01,clear sky
57,Emerald,AU,-23.53,148.17,75.99,56,98,3.36,overcast clouds
58,Victoria,HK,22.29,114.16,87.01,70,54,3.0,moderate rain
59,Padang,ID,-0.95,100.35,77.14,81,100,0.34,light rain
60,Harper,LR,4.38,-7.72,75.54,87,98,10.4,overcast clouds
61,Nanortalik,GL,60.14,-45.24,45.01,86,100,16.33,overcast clouds
62,East London,ZA,-33.02,27.91,65.52,73,9,17.72,clear sky
63,Castro,BR,-24.79,-50.01,63.7,71,0,1.48,clear sky
64,Mehamn,NO,71.04,27.85,55.69,82,87,13.76,moderate rain
65,Balkhash,KZ,46.84,74.98,52.74,50,0,13.73,clear sky
66,Petropavl,KZ,54.88,69.16,46.4,87,75,6.71,broken clouds
67,Yarmouth,US,41.71,-70.23,75.2,64,1,10.58,clear sky
68,Torbay,CA,47.67,-52.73,66.0,93,75,19.46,broken clouds
69,Sinnamary,GF,5.38,-52.95,78.98,84,1,10.87,light rain
70,Hermanus,ZA,-34.42,19.23,54.0,85,0,5.01,clear sky
71,Hobart,AU,-42.88,147.33,55.4,50,75,6.93,broken clouds
72,Port Elizabeth,ZA,-33.92,25.57,60.8,72,1,23.04,clear sky
73,Mayor Pablo Lagerenza,PY,-19.93,-60.77,79.59,36,1,4.85,clear sky
74,Tuktoyaktuk,CA,69.45,-133.04,44.6,70,75,8.05,broken clouds
75,Gat,IL,31.61,34.76,84.2,79,75,6.93,broken clouds
76,Ixtapa,MX,20.7,-105.2,89.6,70,75,8.05,broken clouds
77,Avarua,CK,-21.21,-159.78,78.8,83,0,9.17,light rain
78,Ponta Do Sol,PT,32.67,-17.1,71.6,73,20,6.93,few clouds
79,Hilo,US,19.73,-155.09,86.0,55,90,11.41,overcast clouds
80,Te Anau,NZ,-45.42,167.72,53.64,57,98,6.24,overcast clouds
81,Ponta Delgada,PT,37.73,-25.67,69.8,94,75,14.99,light intensity shower rain
82,Turukhansk,RU,65.82,87.98,51.69,67,100,17.45,overcast clouds
83,Aasiaat,GL,68.71,-52.87,36.99,79,99,6.08,overcast clouds
84,Leninskoye,RU,47.94,132.62,68.85,76,0,13.58,clear sky
85,Mar Del Plata,AR,-38.0,-57.56,48.2,76,98,4.7,overcast clouds
86,Porto Velho,BR,-8.76,-63.9,82.4,69,20,2.24,few clouds
87,Aksarka,RU,66.56,67.8,36.7,90,14,5.57,few clouds
88,Bluff,NZ,-46.6,168.33,52.95,67,64,11.7,broken clouds
89,Lufilufi,WS,-13.87,-171.6,87.8,66,75,6.93,broken clouds
90,Chokurdakh,RU,70.63,147.92,44.65,59,0,17.34,clear sky
91,Yellowknife,CA,62.46,-114.35,55.4,47,40,2.24,scattered clouds
92,Pangoa,PE,-12.12,-73.0,69.01,85,100,2.86,overcast clouds
93,Touros,BR,-5.2,-35.46,71.6,88,20,3.36,few clouds
94,Emba,KZ,48.83,58.14,53.22,43,0,4.56,clear sky
95,Praia Da Vitoria,PT,38.73,-27.07,70.0,77,75,18.68,broken clouds
96,Nikolskoye,RU,59.7,30.79,57.99,87,100,6.71,overcast clouds
97,Pirgos,GR,35.12,25.72,80.01,55,1,13.0,clear sky
98,Cidreira,BR,-30.18,-50.21,55.26,86,0,8.37,clear sky
99,Severo-Kurilsk,RU,50.68,156.12,54.9,69,83,3.74,broken clouds
100,La Ronge,CA,55.1,-105.28,62.6,51,75,9.17,broken clouds
101,Wattegama,LK,6.8,81.48,75.2,100,20,4.7,few clouds
102,Pevek,RU,69.7,170.31,36.27,83,99,3.09,overcast clouds
103,Palmer,US,42.16,-72.33,64.0,77,40,4.97,scattered clouds
104,Beira,MZ,-19.84,34.84,71.6,78,20,12.75,few clouds
105,Codrington,AU,-38.27,141.97,55.8,71,0,6.69,clear sky
106,Yerbogachen,RU,61.28,108.01,59.23,89,100,5.64,light rain
107,Tabuk,PH,17.42,121.44,81.88,74,22,1.92,few clouds
108,Ilulissat,GL,69.22,-51.1,41.0,75,91,5.82,overcast clouds
109,Belawan,ID,3.78,98.68,79.74,71,100,3.11,overcast clouds
110,Ninotsminda,GE,41.26,43.59,55.4,76,0,5.23,clear sky
111,Almaznyy,RU,48.04,40.05,69.8,28,100,20.13,overcast clouds
112,Hobyo,SO,5.35,48.53,76.37,77,100,24.63,overcast clouds
113,Filadelfia,US,39.95,-75.16,80.6,47,75,6.93,broken clouds
114,Leningradskiy,RU,69.38,178.42,37.2,80,100,4.7,overcast clouds
115,Saint George,US,37.1,-113.58,107.6,5,1,4.7,clear sky
116,Sucila,MX,21.15,-88.32,80.73,78,26,10.31,scattered clouds
117,Shenjiamen,CN,29.96,122.3,78.67,61,58,10.13,broken clouds
118,Chernyshevskiy,RU,63.01,112.47,55.9,88,55,4.38,broken clouds
119,Rawson,AR,-43.3,-65.1,44.94,66,0,8.57,clear sky
120,Sao Filipe,CV,14.9,-24.5,80.01,82,90,19.04,light rain
121,Grindavik,IS,63.84,-22.43,41.0,80,100,8.05,overcast clouds
122,Okha,RU,53.57,142.95,63.19,93,100,11.32,overcast clouds
123,Aktau,KZ,43.65,51.2,60.8,51,0,8.95,clear sky
124,Yarada,IN,17.65,83.27,78.8,100,40,4.7,mist
125,Kununurra,AU,-15.77,128.73,86.0,40,0,10.29,clear sky
126,Airai,TL,-8.93,125.41,74.61,37,0,4.32,clear sky
127,Bali Chak,IN,22.37,87.55,80.56,80,0,8.08,clear sky
128,Ronda,ES,36.74,-5.17,66.0,68,0,5.79,clear sky
129,Shaoyang,CN,27.23,111.45,70.5,86,93,2.42,overcast clouds
130,Ajaccio,FR,42.0,8.92,64.4,77,0,8.05,clear sky
131,Bluffton,US,32.24,-80.86,87.8,70,1,8.05,haze
132,Sistranda,NO,63.73,8.83,51.8,93,75,5.82,broken clouds
133,San Borja,BO,-14.82,-66.85,80.26,45,11,1.77,few clouds
134,Tiksi,RU,71.69,128.87,51.15,75,55,3.91,broken clouds
135,Kavieng,PG,-2.57,150.8,84.24,75,100,14.29,light rain
136,Auburn,US,47.31,-122.23,84.99,44,75,6.93,broken clouds
137,Atar,MR,20.52,-13.05,92.91,35,100,8.9,overcast clouds
138,Boysun,UZ,38.21,67.2,57.29,41,0,1.97,clear sky
139,Trindade,BR,-16.65,-49.49,82.4,26,26,10.29,scattered clouds
140,Algeciras,ES,36.13,-5.45,71.6,88,14,23.04,few clouds
141,Lagoa,PT,39.05,-27.98,69.73,75,3,20.85,clear sky
142,Comodoro Rivadavia,AR,-45.87,-67.5,44.6,75,85,1.52,overcast clouds
143,Hay River,CA,60.82,-115.8,55.4,71,75,14.99,broken clouds
144,Taos,US,36.41,-105.57,87.8,24,1,16.11,thunderstorm
145,Ondjiva,AO,-17.07,15.73,68.67,37,15,6.49,few clouds
146,Fomboni,KM,-12.28,43.74,75.15,80,70,15.86,broken clouds
147,Morozovsk,RU,48.35,41.83,63.63,37,100,14.54,overcast clouds
148,Imbituba,BR,-28.24,-48.67,60.8,77,90,6.93,overcast clouds
149,Fort Nelson,CA,58.81,-122.7,64.4,48,75,2.24,broken clouds
150,Port Antonio,JM,18.18,-76.46,84.2,66,20,24.16,few clouds
151,Bethel,US,41.37,-73.41,68.0,68,1,5.48,clear sky
152,Kavaratti,IN,10.57,72.64,82.11,79,100,6.73,light rain
153,Urdoma,RU,61.75,48.54,50.88,88,100,5.7,overcast clouds
154,Soyo,AO,-6.13,12.37,72.37,87,100,7.78,overcast clouds
155,San Antonio,US,29.42,-98.49,80.6,94,75,8.05,broken clouds
156,Biloela,AU,-24.42,150.5,75.63,41,80,1.83,broken clouds
157,Cape Town,ZA,-33.93,18.42,57.99,93,75,8.05,broken clouds
158,Vardo,NO,70.37,31.11,53.55,90,68,15.88,broken clouds
159,Bako,ET,5.78,36.57,65.34,79,100,2.37,light rain
160,Saskylakh,RU,71.92,114.08,41.9,91,100,16.04,light rain
161,Stykkisholmur,IS,65.08,-22.73,43.16,73,19,2.55,few clouds
162,Srednekolymsk,RU,67.45,153.68,50.65,47,0,8.59,clear sky
163,Black River,JM,18.03,-77.85,82.4,74,20,3.36,few clouds
164,Rafaela,AR,-31.25,-61.49,54.0,58,0,3.0,clear sky
165,Yakeshi,CN,49.28,120.73,55.45,88,100,10.96,light rain
166,Fortuna,US,40.6,-124.16,70.0,56,1,13.87,clear sky
167,Ossora,RU,59.24,163.07,54.57,47,0,14.36,clear sky
168,Jalu,LY,29.03,21.55,77.58,47,0,9.37,clear sky
169,Aklavik,CA,68.22,-135.01,53.6,46,20,10.29,few clouds
170,Bossangoa,CF,6.49,17.46,69.48,94,100,2.73,overcast clouds
171,Dickinson,US,29.46,-95.05,86.0,70,75,5.82,broken clouds
172,New Norfolk,AU,-42.78,147.06,55.4,50,75,6.93,broken clouds
173,Chuy,UY,-33.7,-53.46,49.51,91,89,6.31,overcast clouds
174,Grand Gaube,MU,-20.01,57.66,66.2,82,40,11.41,scattered clouds
175,Kahului,US,20.89,-156.47,89.6,46,40,21.92,scattered clouds
176,Sobreira,PT,41.52,-7.8,64.0,75,0,2.59,clear sky
177,Garowe,SO,8.41,48.48,73.29,65,0,21.99,clear sky
178,Beidao,CN,34.57,105.89,70.25,67,100,1.1,overcast clouds
179,Nombre De Jesus,HN,15.35,-86.68,72.91,89,99,2.17,light rain
180,Tasiilaq,GL,65.61,-37.64,30.54,91,45,2.51,scattered clouds
181,Komsomolskiy,UZ,40.43,71.72,66.2,48,0,6.93,clear sky
182,Dikson,RU,73.51,80.55,42.15,88,100,13.15,overcast clouds
183,Ukiah,US,39.15,-123.21,93.2,21,1,8.05,clear sky
184,Inirida,CO,3.87,-67.92,77.88,77,100,1.66,overcast clouds
185,Sitka,US,57.05,-135.33,59.0,77,90,9.17,overcast clouds
186,Huarmey,PE,-10.07,-78.15,59.76,85,3,7.78,clear sky
187,Maniitsoq,GL,65.42,-52.9,47.26,90,100,6.46,light rain
188,Provideniya,RU,64.38,-173.3,43.77,64,60,3.13,broken clouds
189,Roald,NO,62.58,6.13,55.4,71,100,9.17,overcast clouds
190,Prince Rupert,CA,54.32,-130.32,57.2,93,90,4.7,overcast clouds
191,Whitefish,US,48.41,-114.34,87.8,15,1,8.05,clear sky
192,Alyangula,AU,-13.85,136.42,80.6,69,75,10.29,broken clouds
193,Hithadhoo,MV,-0.6,73.08,82.27,78,2,16.4,clear sky
194,Ribeira Grande,PT,38.52,-28.7,70.86,77,5,22.46,clear sky
195,Moron,AR,-34.65,-58.62,55.99,89,76,3.69,broken clouds
196,Kashary,RU,49.04,41.01,61.5,39,100,11.95,overcast clouds
197,Wenling,CN,28.37,121.36,72.0,80,62,6.46,broken clouds
198,Phalia,PK,32.43,73.58,76.87,77,6,1.83,clear sky
199,Upernavik,GL,72.79,-56.15,34.29,81,0,11.74,clear sky
200,San Jose,US,37.34,-121.89,84.99,39,75,8.05,smoke
201,Hornepayne,CA,49.21,-84.77,47.93,92,92,8.14,overcast clouds
202,Khani,GE,41.96,42.96,73.4,88,0,5.82,clear sky
203,Longyearbyen,SJ,78.22,15.64,44.6,93,75,3.36,broken clouds
204,Havoysund,NO,71.0,24.66,53.6,100,75,10.29,light intensity shower rain
205,Russell,US,32.35,-85.2,91.4,74,1,3.6,clear sky
206,Beringovskiy,RU,63.05,179.32,46.17,70,100,15.35,overcast clouds
207,Hovd,MN,48.01,91.64,59.07,45,0,10.18,clear sky
208,Muroto,JP,33.28,134.15,86.0,66,75,9.17,broken clouds
209,Fare,PF,-16.7,-151.02,78.3,75,0,14.61,clear sky
210,Antalaha,MG,-14.9,50.28,65.53,85,4,7.74,clear sky
211,Hirara,JP,24.8,125.28,84.2,79,40,13.87,scattered clouds
212,Sal Rei,CV,16.18,-22.92,78.8,88,75,12.75,broken clouds
213,Cherskiy,RU,68.75,161.3,46.09,56,17,6.35,few clouds
214,Agadez,NE,19.75,10.25,88.63,32,0,8.61,clear sky
215,Vila Velha,BR,-20.33,-40.29,75.2,69,0,13.87,clear sky
216,Olafsvik,IS,64.89,-23.71,45.72,72,100,3.38,overcast clouds
217,Plettenberg Bay,ZA,-34.05,23.37,58.91,80,88,3.53,overcast clouds
218,Cap Malheureux,MU,-19.98,57.61,66.2,82,40,11.41,scattered clouds
219,Tarauaca,BR,-8.16,-70.77,72.68,93,7,1.03,clear sky
220,Verkhnyaya Inta,RU,65.98,60.31,40.89,92,0,3.62,clear sky
221,Carutapera,BR,-1.2,-46.02,76.37,87,1,4.94,clear sky
222,San Cristobal,VE,7.77,-72.22,84.2,66,40,3.36,scattered clouds
223,Karasjok,NO,69.47,25.51,57.2,87,96,21.92,overcast clouds
224,Rusape,ZW,-18.53,32.13,46.4,94,0,5.32,clear sky
225,Gold Coast,AU,-28.0,153.43,77.0,47,100,16.11,overcast clouds
226,Lasa,IT,46.62,10.7,55.99,93,5,2.62,clear sky
227,Tuy Hoa,VN,13.08,109.3,84.13,71,12,4.52,few clouds
228,Bathsheba,BB,13.22,-59.52,80.6,83,20,6.93,few clouds
229,Deputatskiy,RU,69.3,139.9,38.59,95,100,4.5,light rain
230,Sorland,NO,67.67,12.69,54.93,84,10,12.62,clear sky
231,Kosa,RU,59.94,55.0,43.16,97,0,2.95,clear sky
232,Amstetten,AT,48.12,14.87,60.8,93,6,1.72,clear sky
233,Kupang,ID,-10.17,123.58,84.2,51,53,12.75,broken clouds
234,Portland,US,45.52,-122.68,87.01,37,1,4.21,clear sky
235,Nekrasovka,RU,48.35,135.23,73.4,60,0,8.95,clear sky
236,Grand Island,US,40.92,-98.34,86.0,27,1,3.36,clear sky
237,Alindao,CF,5.03,21.21,68.9,92,100,1.77,overcast clouds
238,Sanford,US,28.8,-81.27,84.0,78,20,5.19,few clouds
239,Angren,UZ,41.02,70.14,63.37,33,0,1.95,clear sky
240,Matata,NZ,-37.88,176.75,61.0,59,0,7.0,clear sky
241,Guerrero,MX,17.67,-100.0,71.06,80,100,2.73,moderate rain
242,Chaman,PK,30.92,66.45,64.27,23,2,3.74,clear sky
243,Shilka,RU,51.85,116.03,58.55,83,100,9.57,overcast clouds
244,Emilio Carranza,MX,19.97,-96.61,78.96,77,98,7.99,overcast clouds
245,Rincon,US,32.3,-81.24,84.2,70,1,1.97,clear sky
246,Haverfordwest,GB,51.8,-4.97,55.0,87,8,4.0,clear sky
247,Mackenzie,CA,55.3,-123.17,60.8,67,90,3.36,overcast clouds
248,Moose Factory,CA,51.26,-80.61,51.8,93,40,9.17,scattered clouds
249,Corvallis,US,44.56,-123.26,72.0,60,1,17.22,clear sky
250,Sanary-Sur-Mer,FR,43.12,5.8,64.99,82,0,4.7,clear sky
251,Peniche,PT,39.36,-9.38,66.0,90,7,10.0,clear sky
252,Dese,ET,11.13,39.63,51.06,82,48,2.39,scattered clouds
253,Hamilton,US,39.18,-84.53,73.0,56,20,5.82,few clouds
254,Vao,NC,-22.67,167.48,66.63,70,100,19.84,overcast clouds
255,Nishihara,JP,26.18,127.76,80.6,94,90,12.75,overcast clouds
256,Half Moon Bay,US,37.46,-122.43,79.0,72,1,10.02,clear sky
257,Guerrero Negro,MX,27.98,-114.06,76.21,70,0,17.29,clear sky
258,Taunggyi,MM,20.78,97.03,67.71,99,92,2.62,overcast clouds
259,Jardim,BR,-21.48,-56.14,76.32,38,0,2.44,clear sky
260,Suntar,RU,62.14,117.63,64.06,60,67,1.81,broken clouds
261,Seoul,KR,37.57,126.98,73.4,68,40,3.36,scattered clouds
262,Bambous Virieux,MU,-20.34,57.76,66.2,82,40,11.41,scattered clouds
263,Otane,NZ,-39.88,176.63,54.0,78,0,8.01,clear sky
264,Treuchtlingen,DE,48.95,10.92,60.01,100,20,1.12,fog
265,Itarema,BR,-2.92,-39.92,78.17,81,0,16.75,clear sky
266,Changping,CN,40.22,116.22,75.99,64,6,4.47,clear sky
267,Turayf,SA,31.67,38.66,80.6,18,0,6.93,clear sky
268,Khandyga,RU,62.67,135.6,63.1,53,0,3.67,clear sky
269,Bose,IT,45.46,8.01,66.0,86,0,5.99,clear sky
270,Dingle,PH,11.0,122.67,84.81,74,100,2.82,overcast clouds
271,Limbang,MY,4.75,115.0,82.4,83,75,5.82,broken clouds
272,Preobrazheniye,RU,42.9,133.91,70.74,65,0,2.98,clear sky
273,Arraial Do Cabo,BR,-22.97,-42.03,77.0,69,1,8.05,clear sky
274,Tanete,ID,-3.94,119.78,83.91,68,74,10.56,broken clouds
275,Iesolo,IT,45.53,12.64,66.2,88,0,3.36,clear sky
276,Namibe,AO,-15.2,12.15,61.95,75,0,1.61,clear sky
277,Ko Samui,TH,9.54,99.94,84.2,79,20,10.76,few clouds
278,Port Augusta,AU,-32.5,137.77,62.6,63,40,3.36,scattered clouds
279,Vagur,FO,61.47,-6.81,50.23,84,100,26.53,overcast clouds
280,Ambon,ID,-3.7,128.18,84.0,88,40,2.24,light rain
281,Labuhan,ID,-6.88,112.21,80.35,72,23,8.21,few clouds
282,Kinston,US,35.26,-77.58,84.2,83,1,1.48,clear sky
283,Nuuk,GL,64.18,-51.72,46.4,93,100,26.4,light snow
284,Kattivakkam,IN,13.22,80.32,80.6,88,40,2.77,scattered clouds
285,Brae,GB,60.4,-1.35,51.8,81,40,18.34,scattered clouds
286,Batagay-Alyta,RU,67.8,130.41,53.44,62,100,2.24,overcast clouds
287,Hasaki,JP,35.73,140.83,86.0,83,75,12.75,broken clouds
288,Deniliquin,AU,-35.53,144.97,59.95,58,0,7.76,clear sky
289,Sheopur,IN,25.67,76.7,78.19,85,0,6.04,clear sky
290,Unecha,RU,52.85,32.67,60.08,93,100,2.71,overcast clouds
291,Omaruru,NA,-21.43,15.93,68.16,49,95,7.92,overcast clouds
292,Tuatapere,NZ,-46.13,167.68,56.07,55,100,3.69,overcast clouds
293,Mehran,IR,33.12,46.16,68.0,28,0,6.93,clear sky
294,Mahebourg,MU,-20.41,57.7,66.2,82,40,11.41,scattered clouds
295,Xacmaz,AZ,41.46,48.81,68.45,67,0,2.71,clear sky
296,Kenai,US,60.55,-151.26,60.01,50,90,3.36,overcast clouds
297,Krasnovishersk,RU,60.41,57.08,42.8,94,0,1.66,clear sky
298,Aztec,US,36.82,-107.99,93.99,6,1,8.05,clear sky
299,Taganak,PH,6.08,118.3,82.4,83,20,3.36,few clouds
300,San Patricio,MX,19.22,-104.7,87.8,79,40,11.41,scattered clouds
301,Woodstock,CA,43.13,-80.75,61.0,63,20,5.82,few clouds
302,Halifax,CA,44.65,-63.57,66.0,99,91,7.0,overcast clouds
303,Yar-Sale,RU,66.83,70.83,38.59,92,3,10.13,clear sky
304,Morlaix,FR,48.58,-4.0,57.0,93,20,5.82,few clouds
305,Guanica,PR,17.97,-66.91,79.0,78,97,4.97,overcast clouds
306,Sao Miguel,BR,-5.47,-35.37,75.2,88,20,3.36,few clouds
307,Haines Junction,CA,60.75,-137.51,53.06,44,0,4.94,clear sky
308,Port Hueneme,US,34.15,-119.2,78.01,68,1,14.99,clear sky
309,Salinopolis,BR,-0.61,-47.36,79.25,84,72,12.5,broken clouds
310,Hegra,NO,63.46,11.11,50.0,100,100,2.24,light intensity drizzle
311,Ilinge,ZA,-31.98,27.04,57.87,52,0,3.02,clear sky
312,Ashcroft,CA,50.72,-121.29,91.4,39,75,5.82,broken clouds
313,Bull Savanna,JM,17.89,-77.59,77.43,84,10,11.63,clear sky
314,Faanui,PF,-16.48,-151.75,77.9,79,6,15.95,clear sky
315,Mweka,CD,-4.85,21.57,70.79,54,31,0.38,scattered clouds
316,Najran,SA,17.49,44.13,73.4,31,0,3.67,clear sky
317,Durban,ZA,-29.86,31.03,63.0,87,0,4.7,clear sky
318,Pervomayskoye,RU,43.92,46.71,63.91,87,0,6.71,clear sky
319,Qaqortoq,GL,60.72,-46.03,42.8,93,91,3.36,mist
320,Xucheng,CN,20.35,110.13,80.6,94,24,4.47,light rain
321,Majene,ID,-3.54,118.97,82.24,73,91,8.88,overcast clouds
322,Bayshore Gardens,US,27.43,-82.59,89.6,70,20,6.93,few clouds
323,Estreito,BR,-5.78,-43.25,76.96,41,0,1.97,clear sky
324,Kulhudhuffushi,MV,6.62,73.07,82.26,80,74,15.93,light rain
325,Abhaynagar,BD,23.01,89.4,81.68,87,75,7.61,broken clouds
326,Aksay,RU,47.26,39.87,69.8,28,100,20.13,overcast clouds
327,Palauig,PH,15.44,119.9,85.17,74,8,6.85,clear sky
328,Port Hardy,CA,50.7,-127.42,62.6,82,75,6.93,fog
329,Jalesar,IN,27.48,78.32,83.28,73,14,2.04,few clouds
330,Samaro,PK,25.28,69.4,83.1,77,100,10.02,overcast clouds
331,Alirajpur,IN,22.3,74.35,77.25,84,98,0.56,overcast clouds
332,Vila Franca Do Campo,PT,37.72,-25.43,69.8,94,75,14.99,light intensity shower rain
333,Lubango,AO,-14.92,13.49,63.73,43,26,5.1,scattered clouds
334,Poronaysk,RU,49.22,143.12,68.43,87,44,10.51,scattered clouds
335,Laguna,US,38.42,-121.42,96.01,24,1,3.36,clear sky
336,Charters Towers,AU,-20.1,146.27,78.58,37,0,8.75,clear sky
337,Mayo,US,38.89,-76.51,80.6,83,90,8.05,overcast clouds
338,Rio Gallegos,AR,-51.62,-69.22,37.4,93,75,6.93,broken clouds
339,Khasan,RU,42.43,130.64,67.57,78,1,5.79,clear sky
340,Faya,SA,18.39,42.45,66.2,36,0,1.88,clear sky
341,Manzhouli,CN,49.6,117.43,56.28,84,99,9.31,overcast clouds
342,Lac Du Bonnet,CA,50.25,-96.06,61.0,99,0,6.17,clear sky
343,Port Hedland,AU,-20.32,118.57,82.4,24,84,5.82,broken clouds
344,San Vicente,AR,-26.62,-54.13,60.26,84,0,3.13,clear sky
345,Longhua,CN,23.61,114.19,84.43,74,2,1.14,light rain
346,Muravlenko,RU,63.79,74.52,40.14,85,45,20.04,scattered clouds
347,Narsaq,GL,60.92,-46.05,42.8,93,98,3.36,light rain
348,Mtwara,TZ,-10.27,40.18,69.19,90,2,9.69,clear sky
349,Zhigansk,RU,66.77,123.37,48.31,92,100,2.24,light rain
350,Sabang,ID,5.89,95.32,82.36,73,100,9.82,overcast clouds
351,Lorengau,PG,-2.02,147.27,85.05,72,44,6.4,light rain
352,Cravo Norte,CO,6.3,-70.2,80.11,76,18,2.21,few clouds
353,Fatehpur,IN,25.93,80.8,81.84,77,0,4.92,clear sky
354,Clyde River,CA,70.47,-68.59,37.4,79,90,11.41,overcast clouds
355,Linda,US,39.13,-121.55,93.2,32,1,4.7,haze
356,Bagacay,PH,12.98,124.14,85.01,71,99,6.26,overcast clouds
357,Kidal,ML,18.44,1.41,88.93,42,26,5.99,scattered clouds
358,Nizhniy Kuranakh,RU,58.84,125.49,54.05,84,100,3.09,overcast clouds
359,Pitea,SE,65.32,21.48,55.4,100,36,6.93,scattered clouds
360,Bonavista,CA,48.65,-53.11,62.1,87,4,19.46,clear sky
361,Zagora,MA,30.35,-5.84,87.15,37,0,5.03,clear sky
362,Sioux Lookout,CA,50.1,-91.92,53.6,81,40,8.05,scattered clouds
363,Vikravandi,IN,12.03,79.55,78.69,90,0,2.86,clear sky
364,Si Bun Ruang,TH,16.97,102.28,80.56,83,45,2.13,light rain
365,Big Bend,SZ,-26.82,31.93,62.6,88,77,1.12,broken clouds
366,Balabac,PH,7.99,117.06,85.87,67,8,6.4,clear sky
367,Sawtell,AU,-30.38,153.1,75.2,50,15,3.36,few clouds
368,Kolyvan,RU,55.31,82.74,44.6,93,90,11.18,overcast clouds
369,Abong Mbang,CM,3.98,13.18,67.78,97,100,4.94,light rain
370,Antequera,ES,37.02,-4.56,73.0,78,75,3.36,broken clouds
371,Iwanai,JP,42.97,140.51,84.18,71,58,0.96,broken clouds
372,Kefamenanu,ID,-9.45,124.48,82.99,44,0,6.38,clear sky
373,Sadao,TH,6.64,100.42,77.0,100,75,2.24,broken clouds
374,Winnemucca,US,40.97,-117.74,102.2,5,1,11.41,clear sky
375,Sergeyevka,KZ,53.88,67.42,42.48,92,94,7.29,overcast clouds
376,Tura,IN,25.52,90.22,77.25,89,95,3.62,overcast clouds
377,Shingu,JP,33.73,135.98,84.2,70,40,2.24,scattered clouds
378,Urucara,BR,-2.54,-57.76,83.34,51,86,2.1,overcast clouds
379,Urumqi,CN,43.8,87.6,68.0,49,3,4.47,clear sky
380,Nome,US,64.5,-165.41,48.0,75,75,14.99,broken clouds
381,Kirakira,SB,-10.45,161.92,81.45,79,100,13.13,light rain
382,Elmira,US,42.09,-76.81,68.0,42,1,5.82,clear sky
383,Saurimo,AO,-9.66,20.39,67.77,41,47,3.6,scattered clouds
384,Bonfim,BR,3.08,-59.95,81.37,69,41,4.99,scattered clouds
385,Florence,IT,43.77,11.25,66.99,72,0,1.12,clear sky
386,Lazaro Cardenas,MX,17.96,-102.2,82.63,89,92,9.71,overcast clouds
387,Andenes,NO,69.31,16.12,53.6,93,90,2.24,light intensity drizzle
388,Sovetskiy,RU,61.36,63.58,38.79,88,0,5.75,clear sky
389,Muli,MV,2.92,73.57,82.69,77,75,17.47,light rain
390,Saint-Francois,FR,46.42,3.91,69.8,52,0,5.82,clear sky
391,San Pedro,PH,14.35,121.02,88.0,74,90,4.7,overcast clouds
392,Salalah,OM,17.02,54.09,78.8,83,75,4.7,broken clouds
393,Sept-Iles,CA,50.2,-66.38,55.4,66,40,8.05,scattered clouds
394,Aragarcas,BR,-15.9,-52.25,78.8,41,10,2.44,clear sky
395,Chagoda,RU,59.16,35.33,55.38,97,100,3.98,overcast clouds
396,Binzhou,CN,37.37,118.02,84.0,47,0,3.0,clear sky
397,Mahenge,TZ,-8.68,36.72,60.12,90,18,1.41,few clouds
398,Natal,BR,-5.79,-35.21,75.2,78,4,10.29,clear sky
399,Paraiba Do Sul,BR,-22.16,-43.29,68.47,64,1,2.59,clear sky
400,Saint-Georges,GD,12.06,-61.75,84.2,79,20,9.17,few clouds
401,Mahibadhoo,MV,3.78,72.97,82.4,76,91,17.25,moderate rain
402,Iskateley,RU,67.68,53.15,46.49,83,18,11.48,few clouds
403,La Paz,BO,-16.5,-68.15,42.8,70,75,6.93,broken clouds
404,Toamasina,MG,-18.17,49.38,64.4,93,75,9.17,shower rain
405,Kichera,RU,55.94,110.1,64.09,55,100,3.18,overcast clouds
406,Ahipara,NZ,-35.17,173.17,56.84,62,99,8.41,overcast clouds
407,Mlonggo,ID,-6.53,110.7,82.4,78,20,2.24,haze
408,Sudbury,CA,46.49,-80.99,55.99,58,20,9.17,few clouds
409,Shubarkuduk,KZ,49.14,56.49,54.34,40,2,4.68,clear sky
410,Hervey Bay,AU,-25.3,152.85,77.0,56,40,6.93,scattered clouds
411,Okrika,NG,4.74,7.08,75.65,86,100,7.65,light rain
412,Bowen,AU,-20.02,148.23,75.2,64,40,12.75,scattered clouds
413,Panaba,MX,21.28,-88.27,79.93,83,26,12.64,scattered clouds
414,Serenje,ZM,-13.23,30.24,50.83,68,8,12.03,clear sky
415,Saquena,PE,-4.67,-73.52,74.77,92,69,2.82,moderate rain
416,Gamba,GA,-2.65,10.0,73.35,87,44,4.97,scattered clouds
417,Sterling,US,39.01,-77.43,75.2,88,40,5.82,scattered clouds
418,Burnie,AU,-41.07,145.92,59.0,58,10,13.0,clear sky
419,Constitucion,CL,-35.33,-72.42,48.92,83,9,1.39,clear sky
420,Ulladulla,AU,-35.35,150.47,64.99,34,0,13.87,clear sky
421,Walvis Bay,NA,-22.96,14.51,55.0,76,0,3.36,clear sky
422,Basoko,CD,1.24,23.62,72.82,82,100,1.7,overcast clouds
423,Senno,RU,59.53,33.92,55.0,94,100,3.13,moderate rain
424,Tonantins,BR,-2.87,-67.8,77.38,84,35,2.73,light rain
425,Lima,PE,-12.04,-77.03,59.0,82,5,8.05,clear sky
426,Batagay,RU,67.63,134.63,56.01,75,100,4.5,light rain
427,Cayenne,GF,4.93,-52.33,78.8,88,0,2.24,clear sky
428,Methoni,GR,36.82,21.7,78.01,68,0,4.7,clear sky
429,Sabinas Hidalgo,MX,26.5,-100.17,87.71,47,100,8.32,overcast clouds
430,Ayagoz,KZ,47.97,80.44,43.45,63,0,9.26,clear sky
431,Sabratah,LY,32.79,12.49,79.2,69,22,18.63,few clouds
432,Dukat,RU,62.55,155.55,49.82,48,2,6.73,clear sky
433,Pisco,PE,-13.7,-76.22,60.8,82,0,4.7,clear sky
434,Broome,US,42.25,-75.83,62.6,55,1,8.05,clear sky
435,Gayeri,BF,12.65,0.49,74.05,91,97,7.07,light rain
436,Arlit,NE,18.74,7.39,93.51,32,92,8.37,overcast clouds
437,Dandong,CN,40.13,124.39,71.06,80,0,8.88,clear sky
438,Daru,PG,-9.08,143.21,80.89,71,16,16.67,few clouds
439,Eyl,SO,7.98,49.82,75.9,73,0,17.45,clear sky
440,Kamenka,RU,51.32,42.77,52.39,58,99,8.03,overcast clouds
441,Warah,PK,27.45,67.8,85.42,62,49,3.49,scattered clouds
442,Porto Novo,BJ,6.5,2.6,78.8,88,20,13.87,few clouds
443,Ipixuna,BR,-1.76,-48.8,77.0,83,40,9.17,scattered clouds
444,Shancheng,CN,34.8,116.08,76.28,71,8,8.79,clear sky
445,Lincoln,US,40.8,-96.67,84.2,26,1,5.82,clear sky
446,Maracana,BR,-0.77,-47.45,75.54,90,45,3.47,scattered clouds
447,College,US,64.86,-147.8,51.8,71,75,9.17,broken clouds
448,Ghorawal,IN,24.77,82.78,78.06,85,0,5.12,clear sky
449,Abu Samrah,SY,35.3,37.18,76.15,31,0,2.98,clear sky
450,Gaomi,CN,36.38,119.75,80.01,65,0,13.42,clear sky
451,Ahuimanu,US,21.44,-157.84,89.6,58,75,11.41,broken clouds
452,Lodja,CD,-3.48,23.43,72.43,67,9,1.72,clear sky
453,Fairbanks,US,64.84,-147.72,52.0,76,90,12.75,light rain
454,Ketchikan,US,55.34,-131.65,55.4,100,90,4.7,moderate rain
455,Yafran,LY,32.06,12.53,70.63,68,7,13.09,clear sky
456,Raga,SS,8.46,25.68,69.03,96,100,3.89,moderate rain
457,Yerofey Pavlovich,RU,53.97,121.97,55.11,93,99,8.75,light rain
458,Turinsk,RU,58.05,63.7,39.54,97,9,5.75,clear sky
459,Avera,US,33.19,-82.53,82.4,83,1,3.83,clear sky
460,Bugiri,UG,0.57,33.74,63.1,89,0,3.85,clear sky
461,Wajid,SO,3.81,43.25,71.55,69,57,19.98,broken clouds
462,Asau,RO,46.43,26.4,51.01,95,0,4.59,clear sky
463,Henties Bay,NA,-22.12,14.28,55.0,89,0,11.99,clear sky
464,Benguela,AO,-12.58,13.41,69.57,85,0,5.75,clear sky
465,Zverinogolovskoye,RU,54.46,64.85,46.18,73,100,6.06,overcast clouds
466,Yulara,AU,-25.24,130.99,69.8,22,0,18.34,clear sky
467,Sao Felix Do Xingu,BR,-6.64,-51.99,76.05,36,0,0.4,clear sky
468,Buala,SB,-8.14,159.59,84.2,73,91,11.52,overcast clouds
469,Praia,CV,14.92,-23.51,80.6,88,75,8.05,broken clouds
470,Milkovo,RU,54.72,158.62,56.59,52,44,3.47,scattered clouds
471,Ipira,BR,-12.16,-39.74,68.09,84,64,9.57,broken clouds
472,Capreol,CA,46.71,-80.92,55.99,58,20,9.17,few clouds
473,Oistins,BB,13.07,-59.53,80.6,83,20,6.93,few clouds
474,Thaba-Tseka,LS,-29.52,28.61,44.64,60,0,0.76,clear sky
475,Belaya Gora,RU,68.53,146.42,46.98,54,100,9.04,overcast clouds
476,Talnakh,RU,69.49,88.4,35.6,93,0,15.66,clear sky
477,Arequipa,PE,-16.4,-71.53,55.6,38,0,2.13,clear sky
478,Port Macquarie,AU,-31.43,152.92,77.0,61,97,4.97,overcast clouds
479,Great Falls,US,47.5,-111.3,89.6,14,1,6.93,clear sky
480,Brokopondo,SR,4.75,-55.17,78.66,84,55,7.83,light rain
481,Zhuanghe,CN,39.7,122.99,74.98,73,65,11.21,light rain
482,Berlevag,NO,70.86,29.09,55.69,83,61,15.82,broken clouds
483,Ambalavao,MG,-21.83,46.93,49.95,87,71,6.85,broken clouds
484,Chiang Rai,TH,19.91,99.83,75.2,100,100,0.89,mist
485,Acajutla,SV,13.59,-89.83,73.99,91,99,4.07,overcast clouds
486,Luebo,CD,-5.35,21.42,73.67,49,5,0.47,clear sky
487,Bermejo,AR,-32.88,-68.8,53.6,40,0,4.7,clear sky
488,Derzhavinsk,KZ,51.1,66.32,49.48,64,93,6.58,overcast clouds
489,Kudahuvadhoo,MV,2.67,72.89,82.74,76,92,16.75,overcast clouds
490,Alofi,NU,-19.06,-169.92,75.2,60,90,11.41,overcast clouds
491,Hami,CN,42.8,93.45,72.95,35,0,10.33,clear sky
492,Horta,PT,38.53,-28.63,70.54,76,10,20.56,clear sky
493,Kolpashevo,RU,58.31,82.91,41.43,97,89,4.76,overcast clouds
494,Krasnyy Kut,RU,50.95,46.97,53.13,57,98,9.17,overcast clouds
495,Whitehorse,CA,60.72,-135.05,55.4,37,75,2.24,broken clouds
496,Nelson Bay,AU,-32.72,152.15,71.6,37,1,14.99,clear sky
497,Riyadh,SA,24.69,46.72,84.2,25,0,3.36,clear sky
498,Lublin,PL,51.0,23.0,62.6,100,75,4.7,broken clouds
499,Giyon,ET,8.53,37.98,53.06,90,9,2.44,clear sky
500,Biltine,TD,14.53,20.92,76.01,77,100,8.84,overcast clouds
501,Floriano,BR,-6.77,-43.02,79.38,37,0,4.29,clear sky
502,Sarh,TD,9.14,18.39,77.0,88,20,2.93,thunderstorm
503,Labrea,BR,-7.26,-64.8,86.07,45,72,1.03,broken clouds
504,Tumalaytay,PH,12.28,123.23,86.38,71,92,7.87,overcast clouds
505,Manta,EC,-0.95,-80.73,71.6,88,75,12.75,broken clouds
506,Jining,CN,35.41,116.58,75.65,68,0,9.98,clear sky
507,Barkly West,ZA,-28.54,24.52,64.4,55,0,8.05,clear sky
508,Khorramshahr,IR,30.44,48.17,84.2,62,0,4.7,clear sky
509,Bajil,YE,15.06,43.29,86.43,77,24,2.86,few clouds
510,San Policarpo,PH,12.18,125.51,85.62,67,99,2.98,overcast clouds
511,Keelung,TW,25.13,121.74,86.0,70,75,4.7,broken clouds
512,Sangar,RU,63.92,127.47,57.06,73,64,10.42,broken clouds
513,Olga,RU,43.74,135.29,73.42,64,0,3.2,clear sky
514,Mudon,MM,16.26,97.72,80.73,89,49,4.21,light rain
515,Ancud,CL,-41.87,-73.82,42.01,88,100,6.02,overcast clouds
516,The Valley,AI,18.22,-63.06,84.2,74,20,8.05,few clouds
517,Katsuura,JP,35.13,140.3,86.0,83,75,5.82,broken clouds
518,Lieksa,FI,63.32,30.02,55.26,93,23,10.92,few clouds
519,Chumikan,RU,54.72,135.31,53.01,92,100,14.23,overcast clouds
520,Plouzane,FR,48.38,-4.62,57.2,93,20,5.82,few clouds
521,Crotone,IT,39.09,17.12,72.72,55,0,16.11,clear sky
522,Port Blair,IN,11.67,92.75,83.07,76,100,3.33,overcast clouds
523,Pacific Grove,US,36.62,-121.92,75.0,53,1,11.41,clear sky
524,Rangoon,MM,16.81,96.16,80.6,94,75,3.36,moderate rain
525,Caravelas,BR,-17.71,-39.25,71.06,88,82,4.23,broken clouds
526,Maningrida,AU,-12.07,134.27,83.59,47,0,11.14,clear sky
527,Fernley,US,39.61,-119.25,100.0,10,0,8.14,clear sky
528,Zhezkazgan,KZ,47.8,67.71,41.0,60,0,4.47,clear sky
529,Seddon,AU,-37.81,144.89,59.0,71,75,12.75,broken clouds
530,Polson,US,47.69,-114.16,84.0,28,41,3.24,scattered clouds
531,Kurmanayevka,RU,52.51,52.07,46.85,71,0,7.02,clear sky
532,Banda Aceh,ID,5.56,95.32,81.48,73,98,9.26,overcast clouds
533,Kizilskoye,RU,52.73,58.89,48.7,84,100,5.99,light rain
534,Abha,SA,18.22,42.51,66.2,36,0,1.16,clear sky
535,Kursenai,LT,55.98,22.92,55.4,100,75,10.29,mist
536,Morondava,MG,-20.28,44.28,68.99,54,0,15.64,clear sky
537,Camacha,PT,33.08,-16.33,71.6,83,40,6.93,scattered clouds
538,Puerto Escondido,MX,15.85,-97.07,80.6,65,90,3.89,overcast clouds
539,Ballina,AU,-28.87,153.57,78.01,53,98,5.82,overcast clouds
540,Takoradi,GH,4.88,-1.76,75.07,88,86,9.48,overcast clouds
541,Bulaevo,KZ,54.91,70.44,42.31,92,88,9.98,overcast clouds
542,Port Shepstone,ZA,-30.74,30.45,63.77,86,0,15.79,clear sky
543,Balgazyn,RU,51.0,95.2,54.5,80,0,4.99,clear sky
544,Robertsport,LR,6.75,-11.37,77.41,87,100,7.58,overcast clouds
545,Ust-Nera,RU,64.57,143.2,58.98,38,86,4.59,overcast clouds
546,Buzoesti,RO,44.58,24.92,61.05,61,0,6.4,clear sky
547,Draguignan,FR,43.53,6.47,63.0,82,0,2.89,clear sky
548,Naze,JP,28.37,129.48,80.6,88,75,12.75,thunderstorm
549,Oktyabrskiy,RU,54.48,53.47,44.01,92,0,4.21,clear sky
550,Kaihua,CN,23.37,104.28,70.09,87,98,6.06,light rain
551,Northam,GB,51.03,-4.22,57.99,82,0,8.01,clear sky
552,Porto Belo,BR,-27.16,-48.55,63.0,82,75,9.17,broken clouds
553,Tarakan,ID,3.3,117.63,79.99,83,85,8.01,light rain
554,Sao Raimundo Nonato,BR,-9.02,-42.7,73.54,43,19,3.76,few clouds
555,Gizo,SB,-8.1,156.84,84.25,70,70,6.02,broken clouds
556,Pontes E Lacerda,BR,-15.23,-59.34,82.74,27,62,2.62,broken clouds
557,Geraldton,AU,-28.77,114.6,55.4,93,0,1.66,clear sky
558,Victor Harbor,AU,-35.57,138.62,59.0,72,46,7.11,scattered clouds
559,Gurh,IN,24.52,81.52,78.06,83,0,3.51,clear sky
560,Luderitz,NA,-26.65,15.16,57.76,69,90,11.01,overcast clouds
561,Sao Joao Da Barra,BR,-21.64,-41.05,73.26,82,4,16.4,clear sky
562,Puerto Suarez,BO,-18.95,-57.8,79.34,33,0,0.51,clear sky
563,Coos Bay,US,43.37,-124.22,66.2,68,20,9.17,few clouds
564,Sobolevo,RU,54.43,31.9,55.0,86,64,2.42,broken clouds
565,Flin Flon,CA,54.77,-101.86,54.09,51,18,4.45,few clouds
566,Manacapuru,BR,-3.3,-60.62,78.8,83,0,2.24,clear sky
567,Gigmoto,PH,13.78,124.39,86.92,65,71,2.98,broken clouds
568,Ceres,US,37.59,-120.96,95.0,26,1,13.87,clear sky
569,Semnan,IR,35.57,53.4,66.97,26,4,3.24,clear sky
570,Ayan,RU,56.45,138.17,53.15,92,100,15.95,overcast clouds
571,Newport,GB,51.59,-3.0,57.99,88,0,1.99,clear sky
572,Kaduqli,SD,11.02,29.72,71.74,85,100,1.1,overcast clouds
573,Arona,ES,28.1,-16.68,73.4,83,40,3.36,scattered clouds
574,Neiafu,TO,-18.65,-173.98,77.0,57,20,8.05,few clouds
575,Cervo,ES,43.67,-7.41,68.0,1,56,9.08,broken clouds
576,Lata,PT,40.16,-8.33,66.99,89,0,2.73,clear sky
577,Tiarei,PF,-17.53,-149.33,84.2,62,40,17.22,scattered clouds
578,Saint Anthony,US,45.02,-93.22,71.6,40,40,1.14,scattered clouds
579,Shelburne,CA,44.08,-80.2,59.0,62,20,2.24,few clouds
580,Durant,US,33.99,-96.37,82.4,65,40,5.82,scattered clouds
581,Ivolginsk,RU,51.75,107.28,50.0,93,20,4.47,few clouds
582,Malpe,IN,13.35,74.72,78.8,88,75,3.49,broken clouds
583,Pavilosta,LV,56.89,21.19,62.6,88,100,10.29,overcast clouds
584,Yablonovo,RU,50.85,37.36,64.4,36,100,6.71,overcast clouds
585,Orlik,RU,52.52,99.83,55.53,69,98,1.79,overcast clouds
586,Lagunas,PE,-5.23,-75.68,78.26,70,75,2.68,light rain
587,Oktyabrskoye,RU,43.06,44.74,57.2,93,100,4.47,overcast clouds
588,Magadan,RU,59.57,150.8,53.85,79,100,5.79,overcast clouds
589,Dinard,FR,48.63,-2.06,60.8,82,90,12.75,overcast clouds
590,Nanticoke,US,41.21,-76.0,64.99,89,38,4.21,scattered clouds
591,Rosario,AR,-32.95,-60.64,57.2,76,0,8.05,clear sky
592,Saint-Augustin,CA,51.23,-58.65,59.02,86,100,13.09,overcast clouds
593,Bintulu,MY,3.17,113.03,75.2,100,40,6.13,scattered clouds
594,Ormara,PK,25.21,64.64,80.46,80,0,7.43,clear sky
595,Hutchinson,US,38.06,-97.93,87.8,45,1,6.93,clear sky
596,Ust-Tsilma,RU,65.44,52.15,46.4,91,1,5.5,clear sky
597,Yuanping,CN,38.72,112.76,67.68,47,100,2.57,overcast clouds
598,San Luis,AR,-33.3,-66.34,54.14,49,0,9.1,clear sky
599,Besikduzu,TR,41.05,39.23,77.0,73,40,6.93,scattered clouds
600,Upata,VE,8.01,-62.4,72.84,92,100,3.91,overcast clouds
601,Cotonou,BJ,6.37,2.42,78.8,88,20,13.87,few clouds
602,Japura,ID,-0.32,102.35,77.5,88,100,2.13,overcast clouds
603,Yining,CN,29.04,114.56,78.76,64,0,0.78,clear sky
604,Saint-Pierre,RE,-21.34,55.48,64.4,88,75,8.05,broken clouds
605,Kontagora,NG,10.4,5.47,71.13,97,99,3.51,overcast clouds
606,Bangarapet,IN,12.97,78.2,73.4,100,75,1.3,mist
607,Jardim De Piranhas,BR,-6.38,-37.35,75.72,60,0,19.8,clear sky
608,Devonport,AU,-41.17,146.35,59.0,51,0,13.0,clear sky
609,Santa Fe,AR,-31.63,-60.7,57.0,81,6,3.0,clear sky
610,Christchurch,NZ,-43.53,172.63,64.0,48,100,9.17,overcast clouds
611,Sisimiut,GL,66.94,-53.67,45.59,58,100,5.61,overcast clouds
612,Curuca,BR,-0.73,-47.85,75.99,90,5,6.02,light rain
613,Yinchuan,CN,38.47,106.27,74.19,36,100,6.24,overcast clouds
614,Bukama,CD,-9.2,25.85,71.96,30,51,3.4,broken clouds
615,Petropavlovsk-Kamchatskiy,RU,53.05,158.65,62.6,67,20,6.71,few clouds
616,Saint Marys,US,30.73,-81.55,84.2,74,1,3.36,clear sky
617,Borovskoy,KZ,53.8,64.15,45.7,73,93,6.29,overcast clouds
618,Bam,IR,29.11,58.36,73.85,18,0,10.71,clear sky
619,Sechura,PE,-5.56,-80.82,62.62,75,0,15.19,clear sky
620,Krivodanovka,RU,55.09,82.66,44.6,93,90,11.18,overcast clouds
621,Port Keats,AU,-14.25,129.55,85.64,61,62,5.41,broken clouds
622,Chapais,CA,49.78,-74.85,51.8,71,75,8.05,light rain
623,Caucaia,BR,-3.74,-38.65,80.6,74,40,12.75,scattered clouds
624,Rio Grande,BR,-32.03,-52.1,54.0,86,100,6.62,overcast clouds
625,Homer,US,59.64,-151.55,55.4,76,1,8.05,clear sky
626,Sibut,CF,5.72,19.07,69.8,92,100,2.21,overcast clouds
627,Nova Olinda Do Norte,BR,-3.89,-59.09,80.78,55,0,2.06,clear sky
628,Lohja,FI,60.25,24.07,60.01,98,97,7.0,light rain
629,Hambantota,LK,6.12,81.12,75.2,100,20,4.7,few clouds
630,Hohhot,CN,40.81,111.65,59.0,72,100,2.24,overcast clouds
631,Lompoc,US,34.64,-120.46,68.0,64,1,14.99,clear sky
632,Almeirim,BR,-1.52,-52.58,79.34,52,81,2.48,broken clouds
633,Kalanwali,IN,29.85,74.95,79.5,82,2,6.96,light rain
634,Shaunavon,CA,49.65,-108.42,74.28,32,0,4.72,clear sky
635,Sekoma,BW,-24.4,23.88,62.73,34,0,9.04,clear sky
636,Katherine,AU,-14.47,132.27,87.8,33,0,3.36,clear sky
637,Kant,IN,27.8,79.8,82.26,75,83,3.83,broken clouds
638,Raahe,FI,64.68,24.48,57.2,93,20,6.93,shower rain
639,Yatou,CN,37.15,122.38,78.39,71,0,14.27,clear sky
640,Laem Sing,TH,12.48,102.07,86.0,93,83,4.23,broken clouds
641,Mocuba,MZ,-16.84,36.99,64.65,87,35,4.29,light rain
642,Huangmei,CN,30.19,116.03,77.79,66,0,3.04,clear sky
643,Usinsk,RU,65.99,57.53,44.42,93,0,8.37,clear sky
644,Sur,OM,22.57,59.53,78.93,60,0,8.34,clear sky
645,Beloha,MG,-25.17,45.05,59.27,75,0,10.6,clear sky
646,Meulaboh,ID,4.14,96.13,80.22,78,100,4.18,light rain
647,Goderich,CA,43.75,-81.72,69.01,58,4,9.89,clear sky
648,Pangody,RU,65.85,74.49,39.24,88,0,17.38,clear sky
649,Rock Sound,BS,24.9,-76.2,84.24,79,100,15.46,overcast clouds
650,Key West,US,24.56,-81.78,87.8,66,20,14.99,few clouds
651,Dauphin,CA,51.15,-100.05,64.4,45,90,8.05,overcast clouds
652,Mandalgovi,MN,45.76,106.27,63.72,39,100,13.09,overcast clouds
653,Mahajanga,MG,-15.72,46.32,66.2,82,40,4.7,scattered clouds
654,Samarinda,ID,-0.5,117.15,73.99,95,100,2.55,light rain
655,Brookhaven,US,31.58,-90.44,82.99,81,51,2.48,broken clouds
656,Charlestown,AU,-32.95,151.67,71.6,37,22,14.99,few clouds
657,Giyani,ZA,-23.3,30.72,59.94,82,20,4.76,few clouds
658,Richards Bay,ZA,-28.78,32.04,65.26,72,0,13.22,clear sky
659,Khandbari,NP,27.37,87.2,74.17,78,82,0.67,light rain
660,Greymouth,NZ,-42.47,171.2,57.52,84,100,4.5,overcast clouds
661,Butterworth,MY,5.4,100.36,80.6,100,20,3.36,haze
662,Blagoyevo,RU,63.37,47.92,50.76,90,62,5.84,broken clouds
663,Adrar,MR,20.5,-10.07,93.4,32,14,8.63,few clouds
664,Pemangkat,ID,1.17,108.97,74.5,98,100,3.36,heavy intensity rain
665,Samarai,PG,-10.62,150.67,78.22,86,67,14.03,light rain
666,Uige,AO,-7.61,15.06,68.29,91,37,2.1,scattered clouds
667,Maketu,NZ,-37.77,176.45,62.01,71,0,7.0,clear sky
668,Cockburn Town,TC,21.46,-71.14,83.68,77,89,17.69,overcast clouds
669,Dunmore,US,41.42,-75.63,68.0,60,1,5.82,clear sky
670,Kalmunai,LK,7.42,81.82,79.9,81,100,4.36,overcast clouds
671,Pergine Valsugana,IT,46.06,11.24,55.0,81,5,4.7,clear sky
672,Maldonado,UY,-34.67,-54.92,48.2,100,100,1.12,overcast clouds
673,Abu Dhabi,AE,24.47,54.37,87.8,79,0,5.82,clear sky
674,Mangochi,MW,-14.48,35.26,60.94,81,5,8.46,clear sky
675,Verkhnyaya Sysert,RU,56.44,60.75,50.0,93,75,6.71,light intensity shower rain
676,Paraiso,CR,9.84,-83.87,68.0,88,75,0.36,moderate rain
677,Ewa Beach,US,21.32,-158.01,89.6,58,20,10.29,few clouds
678,Mawlaik,MM,23.63,94.42,81.21,84,38,0.09,scattered clouds
679,Poum,NC,-20.23,164.02,71.6,66,100,17.16,overcast clouds
680,Conde,BR,-7.26,-34.91,73.4,88,75,5.82,broken clouds
681,Shache,CN,38.42,77.24,64.58,28,79,10.02,broken clouds
682,Sabha,LY,27.04,14.43,81.82,44,0,13.47,clear sky
683,Bahua,IN,25.85,80.63,82.13,77,0,5.41,clear sky
684,Itoman,JP,26.12,127.67,80.6,88,75,20.8,broken clouds
685,Ipaba,BR,-19.41,-42.42,68.04,54,22,1.81,few clouds
686,Havelock,US,34.88,-76.9,84.99,74,40,6.93,scattered clouds
687,Togur,RU,58.36,82.83,41.74,97,89,4.92,overcast clouds
688,Odesskoye,RU,54.21,72.97,44.55,88,95,12.71,overcast clouds
689,Turnu Rosu,RO,45.63,24.3,52.0,100,0,2.24,light rain
690,Frei Paulo,BR,-10.55,-37.53,78.8,65,40,11.41,scattered clouds
691,Harnosand,SE,62.63,17.94,55.4,100,100,2.24,fog
692,Bandarbeyla,SO,9.49,50.81,74.79,80,94,22.62,overcast clouds
693,Rorvik,NO,64.86,11.24,54.41,82,100,11.05,light rain
694,Kilcoole,IE,53.1,-6.07,52.0,88,72,1.01,broken clouds
695,Kondrovo,RU,54.81,35.93,60.8,55,100,4.47,light rain
696,Los Llanos De Aridane,ES,28.66,-17.92,73.4,78,0,1.12,clear sky
697,Kautokeino,NO,69.01,23.04,52.66,93,100,12.55,light rain
698,Quthing,LS,-30.4,27.7,56.21,45,0,3.65,clear sky
699,Kieta,PG,-6.22,155.63,85.32,65,14,6.4,few clouds
700,Sola,VU,-13.88,167.55,82.4,74,90,11.41,overcast clouds
701,Bikaner,IN,28.02,73.3,84.22,73,6,2.93,moderate rain
702,Uturoa,PF,-16.73,-151.43,78.39,76,43,15.19,scattered clouds
703,Mokhsogollokh,RU,61.47,128.92,58.1,70,75,6.64,broken clouds
704,Otaru,JP,43.19,141.0,77.0,83,75,3.36,broken clouds
705,Nemuro,JP,43.32,145.57,71.6,94,75,8.05,light intensity shower rain
706,Datong,CN,40.09,113.29,68.47,37,0,6.91,clear sky
707,Amahai,ID,-3.33,128.92,81.25,79,88,2.44,overcast clouds
708,Kasongo-Lunda,CD,-6.47,16.82,76.15,65,13,1.34,few clouds
709,Mangualde,PT,40.6,-7.76,66.99,73,0,2.66,clear sky
710,Nouadhibou,MR,20.93,-17.03,75.2,78,20,12.75,few clouds
711,Conceicao Das Alagoas,BR,-19.91,-48.39,77.0,25,0,6.93,clear sky
712,Walla Walla,US,46.06,-118.34,93.99,26,1,6.93,clear sky
713,Mlowo,TZ,-9.0,32.98,54.84,78,0,6.38,clear sky
714,Aden,YE,12.78,45.04,83.61,86,100,8.03,overcast clouds
715,Botro,CI,7.85,-5.31,73.4,100,75,11.41,broken clouds
716,Klamath Falls,US,42.22,-121.78,93.0,14,1,13.87,clear sky
717,Hoi An,VN,15.88,108.33,87.8,70,20,2.24,few clouds
718,Ayr,GB,55.46,-4.63,55.4,76,40,20.8,scattered clouds
719,Austin,US,30.27,-97.74,77.0,78,40,3.36,light rain
720,Safford,US,32.83,-109.71,102.2,11,1,5.82,clear sky
721,Segou,ML,13.43,-6.22,76.86,84,35,6.44,scattered clouds
